{"filename": "approx_permeable.json", "directory": "TDEM_fields_response_1km", "version": "0.0.6", "sigma_casing": 1799999.9999999993, "sigma_inside": 1799999.9999999993, "mur_casing": 20.8, "mur_inside": 20.8, "casing_top": 0.0, "casing_l": 1000.0, "casing_d": 0.09000000000000001, "casing_t": 0.01, "sigma_back": 0.01, "mur_back": 1.0, "sigma_air": 0.0001, "surface_z": 0.0, "src_a": [0.05, 1.5707963267948966, 0.0], "src_b": [1000.0, 1.5707963267948966, 0.0], "timeSteps": [1e-06, 1e-06, 1e-06, 1e-06, 1e-06, 1e-06, 1e-06, 1e-06, 1e-06, 1e-06, 1e-06, 1e-06, 1e-06, 1e-06, 1e-06, 1e-06, 1e-06, 1e-06, 1e-06, 1e-06, 1e-05, 1e-05, 1e-05, 1e-05, 1e-05, 1e-05, 1e-05, 1e-05, 1e-05, 1e-05, 1e-05, 1e-05, 1e-05, 1e-05, 1e-05, 1e-05, 1e-05, 1e-05, 1e-05, 1e-05, 1e-05, 1e-05, 1e-05, 1e-05, 1e-05, 1e-05, 1e-05, 1e-05, 1e-05, 1e-05, 3e-05, 3e-05, 3e-05, 3e-05, 3e-05, 3e-05, 3e-05, 3e-05, 3e-05, 3e-05, 3e-05, 3e-05, 3e-05, 3e-05, 3e-05, 3e-05, 3e-05, 3e-05, 3e-05, 3e-05, 3e-05, 3e-05, 3e-05, 3e-05, 3e-05, 3e-05, 3e-05, 3e-05, 3e-05, 3e-05, 0.0001, 0.0001, 0.0001, 0.0001, 0.0001, 0.0001, 0.0001, 0.0001, 0.0001, 0.0001, 0.0001, 0.0001, 0.0001, 0.0001, 0.0001, 0.0001, 0.0001, 0.0001, 0.0001, 0.0001, 0.0001, 0.0001, 0.0001, 0.0001, 0.0001, 0.0001, 0.0001, 0.0001, 0.0001, 0.0001, 0.0001, 0.0001, 0.0001, 0.0001, 0.0001, 0.0001, 0.0001, 0.0001, 0.0001, 0.0001, 0.0003, 0.0003, 0.0003, 0.0003, 0.0003, 0.0003, 0.0003, 0.0003, 0.0003, 0.0003, 0.0003, 0.0003, 0.0003, 0.0003, 0.0003, 0.0003, 0.0003, 0.0003, 0.0003, 0.0003, 0.0003, 0.0003, 0.0003, 0.0003, 0.0003, 0.0003, 0.0003, 0.0003, 0.0003, 0.0003, 0.001, 0.001, 0.001, 0.001, 0.001, 0.001, 0.001, 0.001, 0.001, 0.001, 0.001, 0.001, 0.001, 0.001, 0.001, 0.001, 0.001, 0.001, 0.001, 0.001, 0.01, 0.01, 0.01, 0.01, 0.01, 0.01, 0.01, 0.01, 0.01, 0.01, 0.01, 0.01, 0.01, 0.01, 0.01, 0.01, 0.01], "__class__": "CasingInHalfspace"}