{"filename": "simulationParameters.json", "directory": "/Users/lindseyjh/git/simpeg-research/heagy-2018-em-casing/notebooks/TDEM_fields_response_1km", "version": "0.0.6", "fields_filename": "fields.npy", "num_threads": 1, "verbose": false, "formulation": "j", "meshGenerator": {"csz": 2.5, "hy": [0.5235987755982988, 0.5235987755982988, 0.5235987755982988, 0.5235987755982988, 0.5235987755982988, 0.5235987755982988, 0.5235987755982988, 0.5235987755982988, 0.5235987755982988, 0.5235987755982988, 0.5235987755982988, 0.5235987755982988], "nca": 5, "ncb": 5, "pfz": 1.5, "npadx": 8, "npadz": 17, "domain_x": 1000.0, "filename": "MeshParameters.json", "directory": "/Users/lindseyjh/git/simpeg-research/heagy-2018-em-casing/notebooks/TDEM_fields_response_1km", "version": "0.0.6", "csx1": 0.0025, "csx2": 100.0, "pfx1": 1.3, "pfx2": 1.5, "modelParameters": {"filename": "casing.json", "directory": "/Users/lindseyjh/git/simpeg-research/heagy-2018-em-casing/notebooks/TDEM_fields_response_1km", "version": "0.0.6", "sigma_casing": 5000000.0, "sigma_inside": 0.01, "mur_casing": 1.0, "mur_inside": 1.0, "casing_top": 0.0, "casing_l": 1000.0, "casing_d": 0.09000000000000001, "casing_t": 0.01, "sigma_back": 0.01, "mur_back": 1.0, "sigma_air": 0.0001, "surface_z": 0.0, "src_a": [0.05, 1.832595714594046, 0.0], "src_b": [1000.0, 1.832595714594046, 0.0], "timeSteps": [1e-06, 1e-06, 1e-06, 1e-06, 1e-06, 1e-06, 1e-06, 1e-06, 1e-06, 1e-06, 1e-06, 1e-06, 1e-06, 1e-06, 1e-06, 1e-06, 1e-06, 1e-06, 1e-06, 1e-06, 1e-05, 1e-05, 1e-05, 1e-05, 1e-05, 1e-05, 1e-05, 1e-05, 1e-05, 1e-05, 1e-05, 1e-05, 1e-05, 1e-05, 1e-05, 1e-05, 1e-05, 1e-05, 1e-05, 1e-05, 1e-05, 1e-05, 1e-05, 1e-05, 1e-05, 1e-05, 1e-05, 1e-05, 1e-05, 1e-05, 3e-05, 3e-05, 3e-05, 3e-05, 3e-05, 3e-05, 3e-05, 3e-05, 3e-05, 3e-05, 3e-05, 3e-05, 3e-05, 3e-05, 3e-05, 3e-05, 3e-05, 3e-05, 3e-05, 3e-05, 3e-05, 3e-05, 3e-05, 3e-05, 3e-05, 3e-05, 3e-05, 3e-05, 3e-05, 3e-05, 0.0001, 0.0001, 0.0001, 0.0001, 0.0001, 0.0001, 0.0001, 0.0001, 0.0001, 0.0001, 0.0001, 0.0001, 0.0001, 0.0001, 0.0001, 0.0001, 0.0001, 0.0001, 0.0001, 0.0001, 0.0001, 0.0001, 0.0001, 0.0001, 0.0001, 0.0001, 0.0001, 0.0001, 0.0001, 0.0001, 0.0001, 0.0001, 0.0001, 0.0001, 0.0001, 0.0001, 0.0001, 0.0001, 0.0001, 0.0001, 0.0003, 0.0003, 0.0003, 0.0003, 0.0003, 0.0003, 0.0003, 0.0003, 0.0003, 0.0003, 0.0003, 0.0003, 0.0003, 0.0003, 0.0003, 0.0003, 0.0003, 0.0003, 0.0003, 0.0003, 0.0003, 0.0003, 0.0003, 0.0003, 0.0003, 0.0003, 0.0003, 0.0003, 0.0003, 0.0003, 0.001, 0.001, 0.001, 0.001, 0.001, 0.001, 0.001, 0.001, 0.001, 0.001, 0.001, 0.001, 0.001, 0.001, 0.001, 0.001, 0.001, 0.001, 0.001, 0.001, 0.01, 0.01, 0.01, 0.01, 0.01, 0.01, 0.01, 0.01, 0.01, 0.01, 0.01, 0.01, 0.01, 0.01, 0.01, 0.01, 0.01], "__class__": "CasingInHalfspace"}, "__class__": "CasingMeshGenerator"}, "modelParameters": {"filename": "casing.json", "directory": "/Users/lindseyjh/git/simpeg-research/heagy-2018-em-casing/notebooks/TDEM_fields_response_1km", "version": "0.0.6", "sigma_casing": 5000000.0, "sigma_inside": 0.01, "mur_casing": 1.0, "mur_inside": 1.0, "casing_top": 0.0, "casing_l": 1000.0, "casing_d": 0.09000000000000001, "casing_t": 0.01, "sigma_back": 0.01, "mur_back": 1.0, "sigma_air": 0.0001, "surface_z": 0.0, "src_a": [0.05, 1.832595714594046, 0.0], "src_b": [1000.0, 1.832595714594046, 0.0], "timeSteps": [1e-06, 1e-06, 1e-06, 1e-06, 1e-06, 1e-06, 1e-06, 1e-06, 1e-06, 1e-06, 1e-06, 1e-06, 1e-06, 1e-06, 1e-06, 1e-06, 1e-06, 1e-06, 1e-06, 1e-06, 1e-05, 1e-05, 1e-05, 1e-05, 1e-05, 1e-05, 1e-05, 1e-05, 1e-05, 1e-05, 1e-05, 1e-05, 1e-05, 1e-05, 1e-05, 1e-05, 1e-05, 1e-05, 1e-05, 1e-05, 1e-05, 1e-05, 1e-05, 1e-05, 1e-05, 1e-05, 1e-05, 1e-05, 1e-05, 1e-05, 3e-05, 3e-05, 3e-05, 3e-05, 3e-05, 3e-05, 3e-05, 3e-05, 3e-05, 3e-05, 3e-05, 3e-05, 3e-05, 3e-05, 3e-05, 3e-05, 3e-05, 3e-05, 3e-05, 3e-05, 3e-05, 3e-05, 3e-05, 3e-05, 3e-05, 3e-05, 3e-05, 3e-05, 3e-05, 3e-05, 0.0001, 0.0001, 0.0001, 0.0001, 0.0001, 0.0001, 0.0001, 0.0001, 0.0001, 0.0001, 0.0001, 0.0001, 0.0001, 0.0001, 0.0001, 0.0001, 0.0001, 0.0001, 0.0001, 0.0001, 0.0001, 0.0001, 0.0001, 0.0001, 0.0001, 0.0001, 0.0001, 0.0001, 0.0001, 0.0001, 0.0001, 0.0001, 0.0001, 0.0001, 0.0001, 0.0001, 0.0001, 0.0001, 0.0001, 0.0001, 0.0003, 0.0003, 0.0003, 0.0003, 0.0003, 0.0003, 0.0003, 0.0003, 0.0003, 0.0003, 0.0003, 0.0003, 0.0003, 0.0003, 0.0003, 0.0003, 0.0003, 0.0003, 0.0003, 0.0003, 0.0003, 0.0003, 0.0003, 0.0003, 0.0003, 0.0003, 0.0003, 0.0003, 0.0003, 0.0003, 0.001, 0.001, 0.001, 0.001, 0.001, 0.001, 0.001, 0.001, 0.001, 0.001, 0.001, 0.001, 0.001, 0.001, 0.001, 0.001, 0.001, 0.001, 0.001, 0.001, 0.01, 0.01, 0.01, 0.01, 0.01, 0.01, 0.01, 0.01, 0.01, 0.01, 0.01, 0.01, 0.01, 0.01, 0.01, 0.01, 0.01], "__class__": "CasingInHalfspace"}, "srcList": {"filename": "sources.json", "directory": "/Users/lindseyjh/git/simpeg-research/heagy-2018-em-casing/notebooks/TDEM_fields_response_1km", "version": "0.0.6", "sources": [{"filename": "top_casing", "directory": "/Users/lindseyjh/git/simpeg-research/heagy-2018-em-casing/notebooks/TDEM_fields_response_1km", "version": "0.0.6", "modelParameters": {"filename": "casing.json", "directory": "/Users/lindseyjh/git/simpeg-research/heagy-2018-em-casing/notebooks/TDEM_fields_response_1km", "version": "0.0.6", "sigma_casing": 5000000.0, "sigma_inside": 0.01, "mur_casing": 1.0, "mur_inside": 1.0, "casing_top": 0.0, "casing_l": 1000.0, "casing_d": 0.09000000000000001, "casing_t": 0.01, "sigma_back": 0.01, "mur_back": 1.0, "sigma_air": 0.0001, "surface_z": 0.0, "src_a": [0.05, 1.832595714594046, 0.0], "src_b": [1000.0, 1.832595714594046, 0.0], "timeSteps": [1e-06, 1e-06, 1e-06, 1e-06, 1e-06, 1e-06, 1e-06, 1e-06, 1e-06, 1e-06, 1e-06, 1e-06, 1e-06, 1e-06, 1e-06, 1e-06, 1e-06, 1e-06, 1e-06, 1e-06, 1e-05, 1e-05, 1e-05, 1e-05, 1e-05, 1e-05, 1e-05, 1e-05, 1e-05, 1e-05, 1e-05, 1e-05, 1e-05, 1e-05, 1e-05, 1e-05, 1e-05, 1e-05, 1e-05, 1e-05, 1e-05, 1e-05, 1e-05, 1e-05, 1e-05, 1e-05, 1e-05, 1e-05, 1e-05, 1e-05, 3e-05, 3e-05, 3e-05, 3e-05, 3e-05, 3e-05, 3e-05, 3e-05, 3e-05, 3e-05, 3e-05, 3e-05, 3e-05, 3e-05, 3e-05, 3e-05, 3e-05, 3e-05, 3e-05, 3e-05, 3e-05, 3e-05, 3e-05, 3e-05, 3e-05, 3e-05, 3e-05, 3e-05, 3e-05, 3e-05, 0.0001, 0.0001, 0.0001, 0.0001, 0.0001, 0.0001, 0.0001, 0.0001, 0.0001, 0.0001, 0.0001, 0.0001, 0.0001, 0.0001, 0.0001, 0.0001, 0.0001, 0.0001, 0.0001, 0.0001, 0.0001, 0.0001, 0.0001, 0.0001, 0.0001, 0.0001, 0.0001, 0.0001, 0.0001, 0.0001, 0.0001, 0.0001, 0.0001, 0.0001, 0.0001, 0.0001, 0.0001, 0.0001, 0.0001, 0.0001, 0.0003, 0.0003, 0.0003, 0.0003, 0.0003, 0.0003, 0.0003, 0.0003, 0.0003, 0.0003, 0.0003, 0.0003, 0.0003, 0.0003, 0.0003, 0.0003, 0.0003, 0.0003, 0.0003, 0.0003, 0.0003, 0.0003, 0.0003, 0.0003, 0.0003, 0.0003, 0.0003, 0.0003, 0.0003, 0.0003, 0.001, 0.001, 0.001, 0.001, 0.001, 0.001, 0.001, 0.001, 0.001, 0.001, 0.001, 0.001, 0.001, 0.001, 0.001, 0.001, 0.001, 0.001, 0.001, 0.001, 0.01, 0.01, 0.01, 0.01, 0.01, 0.01, 0.01, 0.01, 0.01, 0.01, 0.01, 0.01, 0.01, 0.01, 0.01, 0.01, 0.01], "__class__": "CasingInHalfspace"}, "meshGenerator": {"csz": 2.5, "hy": [0.5235987755982988, 0.5235987755982988, 0.5235987755982988, 0.5235987755982988, 0.5235987755982988, 0.5235987755982988, 0.5235987755982988, 0.5235987755982988, 0.5235987755982988, 0.5235987755982988, 0.5235987755982988, 0.5235987755982988], "nca": 5, "ncb": 5, "pfz": 1.5, "npadx": 8, "npadz": 17, "domain_x": 1000.0, "filename": "MeshParameters.json", "directory": "/Users/lindseyjh/git/simpeg-research/heagy-2018-em-casing/notebooks/TDEM_fields_response_1km", "version": "0.0.6", "csx1": 0.0025, "csx2": 100.0, "pfx1": 1.3, "pfx2": 1.5, "modelParameters": {"filename": "casing.json", "directory": "/Users/lindseyjh/git/simpeg-research/heagy-2018-em-casing/notebooks/TDEM_fields_response_1km", "version": "0.0.6", "sigma_casing": 5000000.0, "sigma_inside": 0.01, "mur_casing": 1.0, "mur_inside": 1.0, "casing_top": 0.0, "casing_l": 1000.0, "casing_d": 0.09000000000000001, "casing_t": 0.01, "sigma_back": 0.01, "mur_back": 1.0, "sigma_air": 0.0001, "surface_z": 0.0,