{"filename": "approx_permeable.json", "directory": "TDEM_fields_response_1km_downsampled", "version": "0.0.6", "sigma_casing": 1799999.9999999993, "sigma_inside": 1799999.9999999993, "mur_casing": 20.8, "mur_inside": 20.8, "casing_top": 0.0, "casing_l": 1000.0, "casing_d": 0.09000000000000001, "casing_t": 0.01, "sigma_back": 0.01, "mur_back": 1.0, "sigma_air": 0.0001, "surface_z": 0.0, "src_a": [0.05, 1.5707963267948966, 0.0], "src_b": [1000.0, 1.5707963267948966, 0.0], "timeSteps": [2e-06, 2e-06, 1.9999999999999995e-06, 2.0000000000000003e-06, 2.000000000000001e-06, 2.000000000000001e-06, 2.000000000000001e-06, 1.9999999999999995e-06, 2.000000000000001e-06, 2.000000000000001e-06, 1.9999999999999998e-05, 1.9999999999999998e-05, 2.0000000000000005e-05, 1.9999999999999998e-05, 1.9999999999999998e-05, 2.0000000000000012e-05, 1.9999999999999998e-05, 1.9999999999999998e-05, 1.9999999999999998e-05, 1.9999999999999998e-05, 1.9999999999999998e-05, 2.0000000000000025e-05, 2.0000000000000052e-05, 2.0000000000000052e-05, 2.0000000000000052e-05, 6.000000000000005e-05, 6.000000000000005e-05, 6.000000000000005e-05, 5.999999999999994e-05, 5.999999999999994e-05, 5.999999999999994e-05, 5.999999999999994e-05, 5.999999999999994e-05, 5.999999999999994e-05, 5.999999999999994e-05, 6.000000000000005e-05, 6.000000000000016e-05, 6.000000000000016e-05, 6.000000000000016e-05, 6.000000000000016e-05, 0.0002000000000000001, 0.0002000000000000001, 0.0002000000000000001, 0.0002000000000000001, 0.00019999999999999966, 0.00019999999999999966, 0.00019999999999999966, 0.00019999999999999966, 0.00019999999999999966, 0.00019999999999999966, 0.00019999999999999966, 0.00019999999999999966, 0.00019999999999999966, 0.00020000000000000052, 0.00020000000000000052, 0.00020000000000000052, 0.00020000000000000052, 0.00020000000000000052, 0.00020000000000000052, 0.00020000000000000052, 0.0005999999999999998, 0.0005999999999999998, 0.0005999999999999998, 0.0005999999999999998, 0.0006000000000000007, 0.0005999999999999998, 0.0005999999999999998, 0.0005999999999999998, 0.0005999999999999998], "__class__": "CasingInHalfspace"}